{
  "zeroshot": {
    "Z1_xlsr_last": {
      "accuracy": 0.5428749999999999,
      "balanced_acc": 0.542875,
      "precision": 0.5304672233078699,
      "recall": 0.7464999999999998,
      "specificity": 0.33924999999999994,
      "f1": 0.6202097829468607,
      "roc_auc": 0.54085115625,
      "pr_auc": 0.5197432679758357,
      "mcc": 0.09388856876234947,
      "eer": 0.477,
      "threshold": 0.4468576604265634,
      "TP": 2986,
      "FP": 2643,
      "TN": 1357,
      "FN": 1014,
      "n": 8000
    },
    "Z2_xlsr_all": {
      "accuracy": 0.567,
      "balanced_acc": 0.567,
      "precision": 0.5464632454923716,
      "recall": 0.7879999999999998,
      "specificity": 0.3459999999999999,
      "f1": 0.6453726453721615,
      "roc_auc": 0.5750027812499999,
      "pr_auc": 0.5440352528556611,
      "mcc": 0.14938433863944653,
      "eer": 0.45337500000000003,
      "threshold": 0.4446322055293144,
      "TP": 3152,
      "FP": 2616,
      "TN": 1384,
      "FN": 848,
      "n": 8000
    },
    "Z0_base_last": {
      "accuracy": 0.5894999999999999,
      "balanced_acc": 0.5895,
      "precision": 0.8023648648648642,
      "recall": 0.23749999999999993,
      "specificity": 0.9414999999999998,
      "f1": 0.36651234567865965,
      "roc_auc": 0.7213631562500001,
      "pr_auc": 0.7135581653554932,
      "mcc": 0.25204168839448976,
      "eer": 0.33987500000000004,
      "threshold": 0.5109111330640721,
      "TP": 950,
      "FP": 234,
      "TN": 3766,
      "FN": 3050,
      "n": 8000
    },
    "Z3_concat": {
      "accuracy": 0.543125,
      "balanced_acc": 0.5431250000000001,
      "precision": 0.5313237697475939,
      "recall": 0.7314999999999998,
      "specificity": 0.3547499999999999,
      "f1": 0.6155464394651693,
      "roc_auc": 0.54506315625,
      "pr_auc": 0.5224065006870238,
      "mcc": 0.0931108770742637,
      "eer": 0.47262499999999996,
      "threshold": 0.4503222237233333,
      "TP": 2926,
      "FP": 2581,
      "TN": 1419,
      "FN": 1074,
      "n": 8000
    },
    "Z4_score_ens": {
      "accuracy": 0.584375,
      "balanced_acc": 0.584375,
      "precision": 0.8048780487804872,
      "recall": 0.22274999999999995,
      "specificity": 0.9459999999999997,
      "f1": 0.348932837281822,
      "roc_auc": 0.7215506875000002,
      "pr_auc": 0.714703120947113,
      "mcc": 0.244357584336413,
      "eer": 0.33725000000000005,
      "threshold": 0.5,
      "TP": 891,
      "FP": 216,
      "TN": 3784,
      "FN": 3109,
      "n": 8000
    }
  },
  "adapted": {
    "accuracy": 0.9936197362824326,
    "balanced_acc": 0.9936407098782855,
    "precision": 0.9974424552429659,
    "recall": 0.9898477157360398,
    "specificity": 0.9974337040205296,
    "f1": 0.9936305732479067,
    "roc_auc": 0.9974615670761449,
    "pr_auc": 0.9984357318884779,
    "mcc": 0.9872685588081916,
    "eer": 0.006382810882947665,
    "threshold": 0.8687464354128477,
    "TP": 1170,
    "FP": 3,
    "TN": 1166,
    "FN": 12,
    "n": 2351
  },
  "adapted_provenance": "OFFICIAL SPLIT (train+val=21281/test=2351) [DEFENSIBLE]"
}